interaction_id	interaction_type	drug_name_report_id	drug_name_report	drug_nomenclature	drug_source_db_name	drug_source_db_version	gene_name_report_id	gene_name_report	gene_nomenclature	gene_source_db_name	gene_source_db_version
0EFD6F68048A11E1A62D2EE83E444A24	na	0EF6EB52048A11E1A62D2EE83E444A24	5'-O-(N-Ethyl-Sulfamoyl)Adenosine	Primary DrugBank drug name	DrugBank	3	C9905072048811E1883C2EE83E444A24	2684	drugbank_partner_id	DrugBank	3
3F2585C6048B11E1A62D2EE83E444A24	na	3F1C06CC048B11E1A62D2EE83E444A24	Virginiamycin factor S1	Primary DrugBank drug name	DrugBank	3	340BA14E048A11E1A62D2EE83E444A24	6334	drugbank_partner_id	DrugBank	3
AFD72D40048811E1883C2EE83E444A24	na	AFA69388048811E1883C2EE83E444A24	Cyclosporine	Primary DrugBank drug name	DrugBank	3	AFC60286048811E1883C2EE83E444A24	1524	drugbank_partner_id	DrugBank	3
02AAA298048B11E1A62D2EE83E444A24	na	02A1C1E6048B11E1A62D2EE83E444A24	8-Benzo[1,3]Dioxol-,5-Ylmethyl-9-Butyl-2-Fluoro-9h-Purin-6-Ylamine	Primary DrugBank drug name	DrugBank	3	437DBA82048911E188152EE83E444A24	1939	drugbank_partner_id	DrugBank	3
25F648EC048B11E1A62D2EE83E444A24	na	25ED60B0048B11E1A62D2EE83E444A24	8-(2-Chloro-3,4,5-Trimethoxy-Benzyl)-9-Pent-4-Ylnyl-9h-Purin-6-Ylamine	Primary DrugBank drug name	DrugBank	3	437DBA82048911E188152EE83E444A24	1939	drugbank_partner_id	DrugBank	3
BC8D9FB2048B11E1A62D2EE83E444A24	na	BC83AB42048B11E1A62D2EE83E444A24	(5Z)-12-CHLORO-13,15-DIHYDROXY-4,7,8,9-TETRAHYDRO-2-BENZOXACYCLOTRIDECINE-1,10(3H,11H)-DIONE	Primary DrugBank drug name	DrugBank	3	2BF436A6048A11E1A62D2EE83E444A24	3456	drugbank_partner_id	DrugBank	3
BB89DD62048911E1A62D2EE83E444A24	na	BB286DCA048911E1A62D2EE83E444A24	Alpha-Phosphoribosylpyrophosphoric Acid	Primary DrugBank drug name	DrugBank	3	F6CDDDFC048811E1883C2EE83E444A24	128	drugbank_partner_id	DrugBank	3
D1D4A550048B11E1A62D2EE83E444A24	na	D1CAC878048B11E1A62D2EE83E444A24	2-[(2-methoxyethyl)amino]-4-(4-oxo-1,2,3,4-tetrahydro-9H-carbazol-9-yl)benzamide	Primary DrugBank drug name	DrugBank	3	437DBA82048911E188152EE83E444A24	1939	drugbank_partner_id	DrugBank	3
CF0B7574048B11E1A62D2EE83E444A24	na	CEA719BC048B11E1A62D2EE83E444A24	(3AR,6R,6AS)-6-((S)-((S)-CYCLOHEX-2-ENYL)(HYDROXY)METHYL)-6A-METHYL-4-OXO-HEXAHYDRO-2H-FURO[3,2-C]PYRROLE-6-CARBALDEHYDE	Primary DrugBank drug name	DrugBank	3	751FBB4C048B11E1A62D2EE83E444A24	6418	drugbank_partner_id	DrugBank	3
CF1F92A2048B11E1A62D2EE83E444A24	na	CEA719BC048B11E1A62D2EE83E444A24	(3AR,6R,6AS)-6-((S)-((S)-CYCLOHEX-2-ENYL)(HYDROXY)METHYL)-6A-METHYL-4-OXO-HEXAHYDRO-2H-FURO[3,2-C]PYRROLE-6-CARBALDEHYDE	Primary DrugBank drug name	DrugBank	3	75754080048B11E1A62D2EE83E444A24	6420	drugbank_partner_id	DrugBank	3
A556A6E8048811E1883C2EE83E444A24	na	A50D90A2048811E1883C2EE83E444A24	Tenecteplase	Primary DrugBank drug name	DrugBank	3	A2DA4B68048811E1883C2EE83E444A24	3830	drugbank_partner_id	DrugBank	3
A55B0A6C048811E1883C2EE83E444A24	na	A50D90A2048811E1883C2EE83E444A24	Tenecteplase	Primary DrugBank drug name	DrugBank	3	A2F2A6C2048811E1883C2EE83E444A24	1516	drugbank_partner_id	DrugBank	3
7C18D124048911E1BF592EE83E444A24	other	7C07133A048911E1BF592EE83E444A24	Felodipine	Primary DrugBank drug name	DrugBank	3	3647E95A048911E195172EE83E444A24	465	drugbank_partner_id	DrugBank	3
17787218048B11E1A62D2EE83E444A24	na	1630CEB4048B11E1A62D2EE83E444A24	Phosphoaminophosphonic Acid-Adenylate Ester	Primary DrugBank drug name	DrugBank	3	2194EFC6048911E1883C2EE83E444A24	4192	drugbank_partner_id	DrugBank	3
17125334048B11E1A62D2EE83E444A24	na	1630CEB4048B11E1A62D2EE83E444A24	Phosphoaminophosphonic Acid-Adenylate Ester	Primary DrugBank drug name	DrugBank	3	E9642AC0048A11E1A62D2EE83E444A24	3231	drugbank_partner_id	DrugBank	3
C8DD5EB0048B11E1A62D2EE83E444A24	na	C8D34592048B11E1A62D2EE83E444A24	8-BENZO[1,3]DIOXOL-,5-YLMETHYL-9-BUTYL-9H-	Primary DrugBank drug name	DrugBank	3	437DBA82048911E188152EE83E444A24	1939	drugbank_partner_id	DrugBank	3
08FB9856048A11E1A62D2EE83E444A24	na	08F501EE048A11E1A62D2EE83E444A24	3,5-Dinitrocatechol	Primary DrugBank drug name	DrugBank	3	BD30E1F2048811E1883C2EE83E444A24	3810	drugbank_partner_id	DrugBank	3
CBDB1E54048B11E1A62D2EE83E444A24	na	CBC70392048B11E1A62D2EE83E444A24	2-(3-AMINO-2,5,6-TRIMETHOXYPHENYL)ETHYL 5-CHLORO-2,4-DIHYDROXYBENZOATE	Primary DrugBank drug name	DrugBank	3	2BF436A6048A11E1A62D2EE83E444A24	3456	drugbank_partner_id	DrugBank	3
7B3DB42C048911E1BF592EE83E444A24	modulator	7B0B888A048911E1BF592EE83E444A24	Minocycline	Primary DrugBank drug name	DrugBank	3	7B2A399C048911E1BF592EE83E444A24	1654	drugbank_partner_id	DrugBank	3
E786C9C8048B11E1A62D2EE83E444A24	na	E77C6D98048B11E1A62D2EE83E444A24	4-(2,4-dichlorophenyl)-5-phenyldiazenyl-pyrimidin-2-amine	Primary DrugBank drug name	DrugBank	3	437DBA82048911E188152EE83E444A24	1939	drugbank_partner_id	DrugBank	3
D14A4E74048A11E1A62D2EE83E444A24	na	D1419A40048A11E1A62D2EE83E444A24	9-Butyl-8-(3-Methoxybenzyl)-9h-Purin-6-Amine	Primary DrugBank drug name	DrugBank	3	437DBA82048911E188152EE83E444A24	1939	drugbank_partner_id	DrugBank	3
68BF3162048A11E1A62D2EE83E444A24	na	68B03E78048A11E1A62D2EE83E444A24	Glutathione Sulfonic Acid	Primary DrugBank drug name	DrugBank	3	D5412626048811E1883C2EE83E444A24	904	drugbank_partner_id	DrugBank	3
3A7210E4048B11E1A62D2EE83E444A24	na	3A68C8AE048B11E1A62D2EE83E444A24	1,6-DI-O-PHOSPHONO-D-MANNITOL	Primary DrugBank drug name	DrugBank	3	364E25B2048A11E1A62D2EE83E444A24	3069	drugbank_partner_id	DrugBank	3
6A0EA4FC048B11E1A62D2EE83E444A24	na	6A050884048B11E1A62D2EE83E444A24	4-(2-AMINOETHYL)BENZENESULFONYL FLUORIDE	Primary DrugBank drug name	DrugBank	3	E552C524048811E1883C2EE83E444A24	599	drugbank_partner_id	DrugBank	3
C9A1C00A048811E1883C2EE83E444A24	product of	C892A7A6048811E1883C2EE83E444A24	Adenosine monophosphate	Primary DrugBank drug name	DrugBank	3	C9905072048811E1883C2EE83E444A24	2684	drugbank_partner_id	DrugBank	3
57700BB2048911E1BF592EE83E444A24	other/unknown	5743C002048911E1BF592EE83E444A24	Isoflurane	Primary DrugBank drug name	DrugBank	3	3647E95A048911E195172EE83E444A24	465	drugbank_partner_id	DrugBank	3
A9C7D750048911E1A4A12EE83E444A24	agonist	A967F98E048911E1A4A12EE83E444A24	Calcium	Primary DrugBank drug name	DrugBank	3	A9B2E7F0048911E1A4A12EE83E444A24	7103	drugbank_partner_id	DrugBank	3
A9ACEF30048911E1A4A12EE83E444A24	na	A967F98E048911E1A4A12EE83E444A24	Calcium	Primary DrugBank drug name	DrugBank	3	3647E95A048911E195172EE83E444A24	465	drugbank_partner_id	DrugBank	3
73A0F056048B11E1A62D2EE83E444A24	na	73973F20048B11E1A62D2EE83E444A24	(3,4-DIHYDROXY-2-NITROPHENYL)(PHENYL)METHANONE	Primary DrugBank drug name	DrugBank	3	BD30E1F2048811E1883C2EE83E444A24	3810	drugbank_partner_id	DrugBank	3
DDC047F4048911E1A62D2EE83E444A24	na	DD6F4D86048911E1A62D2EE83E444A24	3,4-Dihydroxycinnamic Acid	Primary DrugBank drug name	DrugBank	3	DDAB4F02048911E1A62D2EE83E444A24	3384	drugbank_partner_id	DrugBank	3
BD0D0D36048811E1883C2EE83E444A24	cofactor	BCC471E8048811E1883C2EE83E444A24	S-Adenosylmethionine	Primary DrugBank drug name	DrugBank	3	BCFB2436048811E1883C2EE83E444A24	334	drugbank_partner_id	DrugBank	3
BD42D8EE048811E1883C2EE83E444A24	cofactor	BCC471E8048811E1883C2EE83E444A24	S-Adenosylmethionine	Primary DrugBank drug name	DrugBank	3	BD30E1F2048811E1883C2EE83E444A24	3810	drugbank_partner_id	DrugBank	3
6D3ADDA8048B11E1A62D2EE83E444A24	na	6D31261E048B11E1A62D2EE83E444A24	1-ACETYL-2-CARBOXYPIPERIDINE	Primary DrugBank drug name	DrugBank	3	FD2C92D6048A11E1A62D2EE83E444A24	6342	drugbank_partner_id	DrugBank	3
6D4F2EB6048B11E1A62D2EE83E444A24	na	6D31261E048B11E1A62D2EE83E444A24	1-ACETYL-2-CARBOXYPIPERIDINE	Primary DrugBank drug name	DrugBank	3	FD6DB220048A11E1A62D2EE83E444A24	6344	drugbank_partner_id	DrugBank	3
6D44FFAE048B11E1A62D2EE83E444A24	na	6D31261E048B11E1A62D2EE83E444A24	1-ACETYL-2-CARBOXYPIPERIDINE	Primary DrugBank drug name	DrugBank	3	FD4D35E0048A11E1A62D2EE83E444A24	6343	drugbank_partner_id	DrugBank	3
7AC8EC72048A11E1A62D2EE83E444A24	na	7AC19350048A11E1A62D2EE83E444A24	8-(2,5-Dimethoxy-Benzyl)-2-Fluoro-9h-Purin-6-Ylamine	Primary DrugBank drug name	DrugBank	3	437DBA82048911E188152EE83E444A24	1939	drugbank_partner_id	DrugBank	3
FD46C12E048A11E1A62D2EE83E444A24	na	FCE8C088048A11E1A62D2EE83E444A24	Quercetin	Primary DrugBank drug name	DrugBank	3	FD2C92D6048A11E1A62D2EE83E444A24	6342	drugbank_partner_id	DrugBank	3
FD87A2C0048A11E1A62D2EE83E444A24	na	FCE8C088048A11E1A62D2EE83E444A24	Quercetin	Primary DrugBank drug name	DrugBank	3	FD6DB220048A11E1A62D2EE83E444A24	6344	drugbank_partner_id	DrugBank	3
FD673F80048A11E1A62D2EE83E444A24	na	FCE8C088048A11E1A62D2EE83E444A24	Quercetin	Primary DrugBank drug name	DrugBank	3	FD4D35E0048A11E1A62D2EE83E444A24	6343	drugbank_partner_id	DrugBank	3
537C572A048B11E1A62D2EE83E444A24	na	537329F2048B11E1A62D2EE83E444A24	5-(5-CHLORO-2,4-DIHYDROXYPHENYL)-N-ETHYL-4-PIPERAZIN-1-YL-1H-PYRAZOLE-3-CARBOXAMIDE	Primary DrugBank drug name	DrugBank	3	437DBA82048911E188152EE83E444A24	1939	drugbank_partner_id	DrugBank	3
6A2DFC9E048B11E1A62D2EE83E444A24	na	6A1B36B8048B11E1A62D2EE83E444A24	1,6,7,8,9,11A,12,13,14,14A-DECAHYDRO-1,13-DIHYDROXY-6-METHYL-4H-CYCLOPENT[F]OXACYCLOTRIDECIN-4-ONE	Primary DrugBank drug name	DrugBank	3	541590E4048A11E1A62D2EE83E444A24	6316	drugbank_partner_id	DrugBank	3
B60CE630048A11E1A62D2EE83E444A24	na	B605114E048A11E1A62D2EE83E444A24	9-Butyl-8-(2-Chloro-3,4,5-Trimethoxy-Benzyl)-9h-Purin-6-Ylamine	Primary DrugBank drug name	DrugBank	3	437DBA82048911E188152EE83E444A24	1939	drugbank_partner_id	DrugBank	3
2047CEEE048A11E1A62D2EE83E444A24	na	2040F056048A11E1A62D2EE83E444A24	9-Butyl-8-(2,5-Dimethoxy-Benzyl)-9h-Purin-6-Ylamine	Primary DrugBank drug name	DrugBank	3	437DBA82048911E188152EE83E444A24	1939	drugbank_partner_id	DrugBank	3
6912B454048A11E1A62D2EE83E444A24	na	6902AE38048A11E1A62D2EE83E444A24	Epothilone B	Primary DrugBank drug name	DrugBank	3	1D8C0C48048911E1883C2EE83E444A24	161	drugbank_partner_id	DrugBank	3
69440F04048A11E1A62D2EE83E444A24	na	6902AE38048A11E1A62D2EE83E444A24	Epothilone B	Primary DrugBank drug name	DrugBank	3	DCB46746048911E1A62D2EE83E444A24	2536	drugbank_partner_id	DrugBank	3
691AEAC0048A11E1A62D2EE83E444A24	na	6902AE38048A11E1A62D2EE83E444A24	Epothilone B	Primary DrugBank drug name	DrugBank	3	DD07599C048911E1A62D2EE83E444A24	2342	drugbank_partner_id	DrugBank	3
C645999C048B11E1A62D2EE83E444A24	na	C63B0CAC048B11E1A62D2EE83E444A24	PICEATANNOL	Primary DrugBank drug name	DrugBank	3	FD2C92D6048A11E1A62D2EE83E444A24	6342	drugbank_partner_id	DrugBank	3
C65B8072048B11E1A62D2EE83E444A24	na	C63B0CAC048B11E1A62D2EE83E444A24	PICEATANNOL	Primary DrugBank drug name	DrugBank	3	FD6DB220048A11E1A62D2EE83E444A24	6344	drugbank_partner_id	DrugBank	3
C6508E88048B11E1A62D2EE83E444A24	na	C63B0CAC048B11E1A62D2EE83E444A24	PICEATANNOL	Primary DrugBank drug name	DrugBank	3	FD4D35E0048A11E1A62D2EE83E444A24	6343	drugbank_partner_id	DrugBank	3
F6047B88048811E1883C2EE83E444A24	binder	F5694014048811E1883C2EE83E444A24	L-Proline	Primary DrugBank drug name	DrugBank	3	F5F2A6B0048811E1883C2EE83E444A24	4084	drugbank_partner_id	DrugBank	3
F63AD598048811E1883C2EE83E444A24	binder	F5694014048811E1883C2EE83E444A24	L-Proline	Primary DrugBank drug name	DrugBank	3	AFC60286048811E1883C2EE83E444A24	1524	drugbank_partner_id	DrugBank	3
23BC535A048B11E1A62D2EE83E444A24	na	237BEEDC048B11E1A62D2EE83E444A24	(R)-1-Para-Nitro-Phenyl-2-Azido-Ethanol	Primary DrugBank drug name	DrugBank	3	23A231A0048B11E1A62D2EE83E444A24	6842	drugbank_partner_id	DrugBank	3
D69E130C048911E1A62D2EE83E444A24	na	D698336A048911E1A62D2EE83E444A24	(9r,10r)-9-(S-Glutathionyl)-10-Hydroxy-9,10-Dihydrophenanthrene	Primary DrugBank drug name	DrugBank	3	D5412626048811E1883C2EE83E444A24	904	drugbank_partner_id	DrugBank	3
8836A724048911E1BF592EE83E444A24	inhibitor	8829B8F2048911E1BF592EE83E444A24	Pimozide	Primary DrugBank drug name	DrugBank	3	3647E95A048911E195172EE83E444A24	465	drugbank_partner_id	DrugBank	3
3B8CDDA2048A11E1A62D2EE83E444A24	na	3B70BE4C048A11E1A62D2EE83E444A24	PD150606	Primary DrugBank drug name	DrugBank	3	3B7647AE048A11E1A62D2EE83E444A24	6648	drugbank_partner_id	DrugBank	3
6C917422048911E1BF592EE83E444A24	other	6C56C4F8048911E1BF592EE83E444A24	Iron Dextran	Primary DrugBank drug name	DrugBank	3	6C7DAABE048911E1BF592EE83E444A24	443	drugbank_partner_id	DrugBank	3
6CABFF7C048911E1BF592EE83E444A24	other	6C56C4F8048911E1BF592EE83E444A24	Iron Dextran	Primary DrugBank drug name	DrugBank	3	6C9861F6048911E1BF592EE83E444A24	95	drugbank_partner_id	DrugBank	3
B621802C048A11E1A62D2EE83E444A24	na	B6197440048A11E1A62D2EE83E444A24	9-Deazaadenine	Primary DrugBank drug name	DrugBank	3	F6CDDDFC048811E1883C2EE83E444A24	128	drugbank_partner_id	DrugBank	3
7D0474A6048B11E1A62D2EE83E444A24	na	7CC62B2E048B11E1A62D2EE83E444A24	2-MERCAPTO-N-[1,2,3,10-TETRAMETHOXY-9-OXO-5,6,7,9-TETRAHYDRO-BENZO[A]HEPTALEN-7-YL]ACETAMIDE	Primary DrugBank drug name	DrugBank	3	DCB46746048911E1A62D2EE83E444A24	2536	drugbank_partner_id	DrugBank	3
7D0E403A048B11E1A62D2EE83E444A24	na	7CC62B2E048B11E1A62D2EE83E444A24	2-MERCAPTO-N-[1,2,3,10-TETRAMETHOXY-9-OXO-5,6,7,9-TETRAHYDRO-BENZO[A]HEPTALEN-7-YL]ACETAMIDE	Primary DrugBank drug name	DrugBank	3	DD07599C048911E1A62D2EE83E444A24	2342	drugbank_partner_id	DrugBank	3
112FD770048B11E1A62D2EE83E444A24	na	1126E624048B11E1A62D2EE83E444A24	1,3-Dihydroxyacetonephosphate	Primary DrugBank drug name	DrugBank	3	364E25B2048A11E1A62D2EE83E444A24	3069	drugbank_partner_id	DrugBank	3
D1FB3FF4048A11E1A62D2EE83E444A24	na	D1C4408A048A11E1A62D2EE83E444A24	2-(N-Morpholino)-Ethanesulfonic Acid	Primary DrugBank drug name	DrugBank	3	D5412626048811E1883C2EE83E444A24	904	drugbank_partner_id	DrugBank	3
728EB022048B11E1A62D2EE83E444A24	na	72853BC8048B11E1A62D2EE83E444A24	6-(3-AMINOPROPYL)-4,9-DIMETHYLPYRROLO[3,4-C]CARBAZOLE-1,3(2H,6H)-DIONE	Primary DrugBank drug name	DrugBank	3	E9642AC0048A11E1A62D2EE83E444A24	3231	drugbank_partner_id	DrugBank	3
CBC455A2048B11E1A62D2EE83E444A24	na	CBB0776C048B11E1A62D2EE83E444A24	METHYL 3-CHLORO-2-{3-[(2,5-DIHYDROXY-4-METHOXYPHENYL)AMINO]-3-OXOPROPYL}-4,6-DIHYDROXYBENZOATE	Primary DrugBank drug name	DrugBank	3	2BF436A6048A11E1A62D2EE83E444A24	3456	drugbank_partner_id	DrugBank	3
BC9A601C048B11E1A62D2EE83E444A24	na	BC9079E4048B11E1A62D2EE83E444A24	(5E)-12-CHLORO-13,15-DIHYDROXY-4,7,8,9-TETRAHYDRO-2-BENZOXACYCLOTRIDECINE-1,10(3H,11H)-DIONE	Primary DrugBank drug name	DrugBank	3	2BF436A6048A11E1A62D2EE83E444A24	3456	drugbank_partner_id	DrugBank	3
DC613CC4048911E1A62D2EE83E444A24	na	DC3A1414048911E1A62D2EE83E444A24	Epothilone D	Primary DrugBank drug name	DrugBank	3	1D8C0C48048911E1883C2EE83E444A24	161	drugbank_partner_id	DrugBank	3
DCCA6488048911E1A62D2EE83E444A24	na	DC3A1414048911E1A62D2EE83E444A24	Epothilone D	Primary DrugBank drug name	DrugBank	3	DCB46746048911E1A62D2EE83E444A24	2536	drugbank_partner_id	DrugBank	3
DD1C7B88048911E1A62D2EE83E444A24	na	DC3A1414048911E1A62D2EE83E444A24	Epothilone D	Primary DrugBank drug name	DrugBank	3	DD07599C048911E1A62D2EE83E444A24	2342	drugbank_partner_id	DrugBank	3
9F70A0C4048A11E1A62D2EE83E444A24	na	9F691AC0048A11E1A62D2EE83E444A24	(3s,6s,9r,10r,11s,12s,13e,15e,18s,21s)-18-{(1e,3e,7s,8s)-9-[(2s,3r,4s,5s,6r,9s,11s)-9-Ethyl-4-Hydroxy-3,5,11-Trimethyl-8-Oxo-1-Oxa-7-Azaspiro[5.5]Undec-2-Yl]-8-Hydroxy-1,7-Dimethylnona-1,3-Dienyl}-10,12-Dihydroxy-3-(3-Hydroxybenzyl)-6-Isopropyl-11-Methyl-	Primary DrugBank drug name	DrugBank	3	AFC60286048811E1883C2EE83E444A24	1524	drugbank_partner_id	DrugBank	3
04EA02AC048A11E1A62D2EE83E444A24	na	048F9830048A11E1A62D2EE83E444A24	Adenosine-5-Diphosphoribose	Primary DrugBank drug name	DrugBank	3	04D9C2E8048A11E1A62D2EE83E444A24	6790	drugbank_partner_id	DrugBank	3
04F0CF92048A11E1A62D2EE83E444A24	na	048F9830048A11E1A62D2EE83E444A24	Adenosine-5-Diphosphoribose	Primary DrugBank drug name	DrugBank	3	E552C524048811E1883C2EE83E444A24	599	drugbank_partner_id	DrugBank	3
EF8C5FBC048A11E1A62D2EE83E444A24	na	EF839A44048A11E1A62D2EE83E444A24	Guanosine-3'-Monophosphate-5'-Diphosphate	Primary DrugBank drug name	DrugBank	3	541590E4048A11E1A62D2EE83E444A24	6316	drugbank_partner_id	DrugBank	3
E87D4790048A11E1A62D2EE83E444A24	na	E874B864048A11E1A62D2EE83E444A24	9-Butyl-8-(2,5-Dimethoxy-Benzyl)-2-Fluoro-9h-Purin-6-Ylamine	Primary DrugBank drug name	DrugBank	3	437DBA82048911E188152EE83E444A24	1939	drugbank_partner_id	DrugBank	3
EC703912048911E1A62D2EE83E444A24	na	EC46FC1E048911E1A62D2EE83E444A24	S-Hydroxycysteine	Primary DrugBank drug name	DrugBank	3	D5412626048811E1883C2EE83E444A24	904	drugbank_partner_id	DrugBank	3
335C193C048911E1B9CB2EE83E444A24	inhibitor	33569980048911E1B9CB2EE83E444A24	Entacapone	Primary DrugBank drug name	DrugBank	3	BD30E1F2048811E1883C2EE83E444A24	3810	drugbank_partner_id	DrugBank	3
9DC3D238048911E1BF592EE83E444A24	binder	9DA1D00C048911E1BF592EE83E444A24	Bepridil	Primary DrugBank drug name	DrugBank	3	3647E95A048911E195172EE83E444A24	465	drugbank_partner_id	DrugBank	3
A8EED1D8048B11E1A62D2EE83E444A24	na	A8E5216A048B11E1A62D2EE83E444A24	(5E)-14-CHLORO-15,17-DIHYDROXY-4,7,8,9,10,11-HEXAHYDRO-2-BENZOXACYCLOPENTADECINE-1,12(3H,13H)-DIONE	Primary DrugBank drug name	DrugBank	3	2BF436A6048A11E1A62D2EE83E444A24	3456	drugbank_partner_id	DrugBank	3
37EDA806048B11E1A62D2EE83E444A24	na	37E461A6048B11E1A62D2EE83E444A24	GLUTATHIONE SULFINATE	Primary DrugBank drug name	DrugBank	3	D4AD02E8048811E1883C2EE83E444A24	897	drugbank_partner_id	DrugBank	3
5A30711A048A11E1A62D2EE83E444A24	na	5A29844A048A11E1A62D2EE83E444A24	3''-(Beta-Chloroethyl)-2'',4''-Dioxo-3, 5''-Spiro-Oxazolidino-4-Deacetoxy-Vinblastine	Primary DrugBank drug name	DrugBank	3	3647E95A048911E195172EE83E444A24	465	drugbank_partner_id	DrugBank	3
427EAE5A048B11E1A62D2EE83E444A24	binder	425DE058048B11E1A62D2EE83E444A24	Glatiramer Acetate	Primary DrugBank drug name	DrugBank	3	42646DF6048B11E1A62D2EE83E444A24	4183	drugbank_partner_id	DrugBank	3
BFE95CD2048B11E1A62D2EE83E444A24	na	BFDF1BD2048B11E1A62D2EE83E444A24	4-HYDROXYBENZALDEHYDE O-(CYCLOHEXYLCARBONYL)OXIME	Primary DrugBank drug name	DrugBank	3	DDAB4F02048911E1A62D2EE83E444A24	3384	drugbank_partner_id	DrugBank	3
7BEC3DCE048B11E1A62D2EE83E444A24	na	7BE2DE6E048B11E1A62D2EE83E444A24	2-ACETYLAMINO-4-METHYL-PENTANOIC ACID [1-(1-FORMYL-PENTYLCARBAMOYL)-3-METHYL-BUTYL]-AMIDE	Primary DrugBank drug name	DrugBank	3	751FBB4C048B11E1A62D2EE83E444A24	6418	drugbank_partner_id	DrugBank	3
D4BE7A96048811E1883C2EE83E444A24	na	D45DE9EC048811E1883C2EE83E444A24	Glutathione	Primary DrugBank drug name	DrugBank	3	D4AD02E8048811E1883C2EE83E444A24	897	drugbank_partner_id	DrugBank	3
D6DAF570048811E1883C2EE83E444A24	na	D45DE9EC048811E1883C2EE83E444A24	Glutathione	Primary DrugBank drug name	DrugBank	3	D6C96544048811E1883C2EE83E444A24	4033	drugbank_partner_id	DrugBank	3
D5840E96048811E1883C2EE83E444A24	cofactor	D45DE9EC048811E1883C2EE83E444A24	Glutathione	Primary DrugBank drug name	DrugBank	3	D5720E76048811E1883C2EE83E444A24	906	drugbank_partner_id	DrugBank	3
D7A018A0048811E1883C2EE83E444A24	na	D45DE9EC048811E1883C2EE83E444A24	Glutathione	Primary DrugBank drug name	DrugBank	3	D78E3D4C048811E1883C2EE83E444A24	4037	drugbank_partner_id	DrugBank	3
D55298AC048811E1883C2EE83E444A24	na	D45DE9EC048811E1883C2EE83E444A24	Glutathione	Primary DrugBank drug name	DrugBank	3	D5412626048811E1883C2EE83E444A24	904	drugbank_partner_id	DrugBank	3
C7A68EA2048811E1883C2EE83E444A24	na	C75A6C98048811E1883C2EE83E444A24	L-Ornithine	Primary DrugBank drug name	DrugBank	3	C79524E6048811E1883C2EE83E444A24	410	drugbank_partner_id	DrugBank	3
542CDEFC048A11E1A62D2EE83E444A24	na	54085CDA048A11E1A62D2EE83E444A24	1,3-Propandiol	Primary DrugBank drug name	DrugBank	3	541590E4048A11E1A62D2EE83E444A24	6316	drugbank_partner_id	DrugBank	3
9D89E64A048911E1BF592EE83E444A24	inhibitor	9D74A136048911E1BF592EE83E444A24	Clomipramine	Primary DrugBank drug name	DrugBank	3	D5412626048811E1883C2EE83E444A24	904	drugbank_partner_id	DrugBank	3
8AF26700048911E1BF592EE83E444A24	inhibitor	8ACEC430048911E1BF592EE83E444A24	Nifedipine	Primary DrugBank drug name	DrugBank	3	3647E95A048911E195172EE83E444A24	465	drugbank_partner_id	DrugBank	3
A01BF27C048911E1BF592EE83E444A24	multitarget	9FDBB48C048911E1BF592EE83E444A24	Sunitinib	Primary DrugBank drug name	DrugBank	3	246B1266048911E1883C2EE83E444A24	165	drugbank_partner_id	DrugBank	3
6952236A048911E1BF592EE83E444A24	inhibitor	693A454C048911E1BF592EE83E444A24	Perphenazine	Primary DrugBank drug name	DrugBank	3	3647E95A048911E195172EE83E444A24	465	drugbank_partner_id	DrugBank	3
7DC0074E048A11E1A62D2EE83E444A24	na	7DB8AB0C048A11E1A62D2EE83E444A24	8-(2,5-Dimethoxy-Benzyl)-2-Fluoro-9-Pent-9h-Purin-6-Ylamine	Primary DrugBank drug name	DrugBank	3	437DBA82048911E188152EE83E444A24	1939	drugbank_partner_id	DrugBank	3
F72EE2C6048A11E1A62D2EE83E444A24	na	F3A9F820048A11E1A62D2EE83E444A24	Lauryl Dimethylamine-N-Oxide	Primary DrugBank drug name	DrugBank	3	F7154938048A11E1A62D2EE83E444A24	6680	drugbank_partner_id	DrugBank	3
828B49E2048911E1BF592EE83E444A24	na	8231CD54048911E1BF592EE83E444A24	Melatonin	Primary DrugBank drug name	DrugBank	3	A2DA4B68048811E1883C2EE83E444A24	3830	drugbank_partner_id	DrugBank	3
82830368048911E1BF592EE83E444A24	na	8231CD54048911E1BF592EE83E444A24	Melatonin	Primary DrugBank drug name	DrugBank	3	3647E95A048911E195172EE83E444A24	465	drugbank_partner_id	DrugBank	3
429E9C60048B11E1A62D2EE83E444A24	antagonist	42815E0C048B11E1A62D2EE83E444A24	Gallium nitrate	Primary DrugBank drug name	DrugBank	3	7B2A399C048911E1BF592EE83E444A24	1654	drugbank_partner_id	DrugBank	3
A21F3ADC048B11E1A62D2EE83E444A24	na	A2155602048B11E1A62D2EE83E444A24	4-{4-[4-(3-AMINOPROPOXY)PHENYL]-1H-PYRAZOL-5-YL}-6-CHLOROBENZENE-1,3-DIOL	Primary DrugBank drug name	DrugBank	3	2BF436A6048A11E1A62D2EE83E444A24	3456	drugbank_partner_id	DrugBank	3
A1C8FDF2048B11E1A62D2EE83E444A24	na	A1BF564E048B11E1A62D2EE83E444A24	(3Z)-N,N-DIMETHYL-2-OXO-3-(4,5,6,7-TETRAHYDRO-1H-INDOL-2-YLMETHYLIDENE)-2,3-DIHYDRO-1H-INDOLE-5-SULFONAMIDE	Primary DrugBank drug name	DrugBank	3	3647E95A048911E195172EE83E444A24	465	drugbank_partner_id	DrugBank	3
B788AC82048B11E1A62D2EE83E444A24	na	B70E7ACA048B11E1A62D2EE83E444A24	N-[2-(2-methyl-1H-indol-3-yl)ethyl]thiophene-2-carboxamide	Primary DrugBank drug name	DrugBank	3	B7728592048B11E1A62D2EE83E444A24	6760	drugbank_partner_id	DrugBank	3
AECBA8D0048911E18F6C2EE83E444A24	inhibitor	AEC4F03A048911E18F6C2EE83E444A24	Aprindine	Primary DrugBank drug name	DrugBank	3	3647E95A048911E195172EE83E444A24	465	drugbank_partner_id	DrugBank	3
326D256A048A11E1A62D2EE83E444A24	na	32663F0C048A11E1A62D2EE83E444A24	Etheno-Nad	Primary DrugBank drug name	DrugBank	3	E056A982048811E1883C2EE83E444A24	473	drugbank_partner_id	DrugBank	3
D9105E90048B11E1A62D2EE83E444A24	na	D906184A048B11E1A62D2EE83E444A24	3'-THIO-THYMIDINE-5'-PHOSPHATE	Primary DrugBank drug name	DrugBank	3	2194EFC6048911E1883C2EE83E444A24	4192	drugbank_partner_id	DrugBank	3
83EF0AF8048911E1BF592EE83E444A24	inhibitor	837191A4048911E1BF592EE83E444A24	Promethazine	Primary DrugBank drug name	DrugBank	3	3647E95A048911E195172EE83E444A24	465	drugbank_partner_id	DrugBank	3
1844F3A8048911E1883C2EE83E444A24	inhibitor	184028AA048911E1883C2EE83E444A24	Tolcapone	Primary DrugBank drug name	DrugBank	3	BD30E1F2048811E1883C2EE83E444A24	3810	drugbank_partner_id	DrugBank	3
A7003B0A048B11E1A62D2EE83E444A24	na	A6F678B8048B11E1A62D2EE83E444A24	N-[(7S)-1,2,3,10-tetramethoxy-9-oxo-6,7-dihydro-5H-benzo[d]heptalen-7-yl]ethanamide	Primary DrugBank drug name	DrugBank	3	DCB46746048911E1A62D2EE83E444A24	2536	drugbank_partner_id	DrugBank	3
8AC95BC4048B11E1A62D2EE83E444A24	na	8A867F02048B11E1A62D2EE83E444A24	FARNESYL	Primary DrugBank drug name	DrugBank	3	8AAE28C2048B11E1A62D2EE83E444A24	6572	drugbank_partner_id	DrugBank	3
44B53B08048B11E1A62D2EE83E444A24	na	44ABA106048B11E1A62D2EE83E444A24	Canakinumab	Primary DrugBank drug name	DrugBank	3	7B2A399C048911E1BF592EE83E444A24	1654	drugbank_partner_id	DrugBank	3
4FFEB256048A11E1A62D2EE83E444A24	na	4FF00AE4048A11E1A62D2EE83E444A24	9-Butyl-8-(3,4,5-Trimethoxybenzyl)-9h-Purin-6-Amine	Primary DrugBank drug name	DrugBank	3	2BF436A6048A11E1A62D2EE83E444A24	3456	drugbank_partner_id	DrugBank	3
4FF71118048A11E1A62D2EE83E444A24	na	4FF00AE4048A11E1A62D2EE83E444A24	9-Butyl-8-(3,4,5-Trimethoxybenzyl)-9h-Purin-6-Amine	Primary DrugBank drug name	DrugBank	3	437DBA82048911E188152EE83E444A24	1939	drugbank_partner_id	DrugBank	3
C8B302B6048911E1A62D2EE83E444A24	na	C8ACF3D0048911E1A62D2EE83E444A24	(3r)-1-Acetyl-3-Methylpiperidine	Primary DrugBank drug name	DrugBank	3	AFC60286048811E1883C2EE83E444A24	1524	drugbank_partner_id	DrugBank	3
DD9AB858048A11E1A62D2EE83E444A24	na	DD896832048A11E1A62D2EE83E444A24	Oxamic Acid	Primary DrugBank drug name	DrugBank	3	E056A982048811E1883C2EE83E444A24	473	drugbank_partner_id	DrugBank	3
B8062D42048B11E1A62D2EE83E444A24	na	B7DC0A1C048B11E1A62D2EE83E444A24	(2S)-2-(3-bromophenyl)-3-(5-chloro-2-hydroxyphenyl)-1,3-thiazolidin-4-one	Primary DrugBank drug name	DrugBank	3	B7728592048B11E1A62D2EE83E444A24	6760	drugbank_partner_id	DrugBank	3
2BC901D4048A11E1A62D2EE83E444A24	na	2BC21400048A11E1A62D2EE83E444A24	Ethyl Oxo(Piperidin-1-Yl)Acetate	Primary DrugBank drug name	DrugBank	3	AFC60286048811E1883C2EE83E444A24	1524	drugbank_partner_id	DrugBank	3
C9009D30048B11E1A62D2EE83E444A24	na	C8E02E6A048B11E1A62D2EE83E444A24	PUROMYCIN	Primary DrugBank drug name	DrugBank	3	3340B434048A11E1A62D2EE83E444A24	6327	drugbank_partner_id	DrugBank	3
C91728DE048B11E1A62D2EE83E444A24	na	C8E02E6A048B11E1A62D2EE83E444A24	PUROMYCIN	Primary DrugBank drug name	DrugBank	3	337B5D00048A11E1A62D2EE83E444A24	6329	drugbank_partner_id	DrugBank	3
C8F5775C048B11E1A62D2EE83E444A24	na	C8E02E6A048B11E1A62D2EE83E444A24	PUROMYCIN	Primary DrugBank drug name	DrugBank	3	3323A650048A11E1A62D2EE83E444A24	6326	drugbank_partner_id	DrugBank	3
C9641EBE048B11E1A62D2EE83E444A24	na	C8E02E6A048B11E1A62D2EE83E444A24	PUROMYCIN	Primary DrugBank drug name	DrugBank	3	344489C8048A11E1A62D2EE83E444A24	6336	drugbank_partner_id	DrugBank	3
C943AA6C048B11E1A62D2EE83E444A24	na	C8E02E6A048B11E1A62D2EE83E444A24	PUROMYCIN	Primary DrugBank drug name	DrugBank	3	33EEA6D4048A11E1A62D2EE83E444A24	6333	drugbank_partner_id	DrugBank	3
C90BF892048B11E1A62D2EE83E444A24	na	C8E02E6A048B11E1A62D2EE83E444A24	PUROMYCIN	Primary DrugBank drug name	DrugBank	3	335DE91E048A11E1A62D2EE83E444A24	6328	drugbank_partner_id	DrugBank	3
C95947F0048B11E1A62D2EE83E444A24	na	C8E02E6A048B11E1A62D2EE83E444A24	PUROMYCIN	Primary DrugBank drug name	DrugBank	3	34281360048A11E1A62D2EE83E444A24	6335	drugbank_partner_id	DrugBank	3
C94E7CA8048B11E1A62D2EE83E444A24	na	C8E02E6A048B11E1A62D2EE83E444A24	PUROMYCIN	Primary DrugBank drug name	DrugBank	3	340BA14E048A11E1A62D2EE83E444A24	6334	drugbank_partner_id	DrugBank	3
77602C16048B11E1A62D2EE83E444A24	na	7756DAC6048B11E1A62D2EE83E444A24	5-(5-CHLORO-2,4-DIHYDROXYPHENYL)-N-ETHYL-4-(4-METHOXYPHENYL)-1H-PYRAZOLE-3-CARBOXAMIDE	Primary DrugBank drug name	DrugBank	3	437DBA82048911E188152EE83E444A24	1939	drugbank_partner_id	DrugBank	3
E2C9F136048A11E1A62D2EE83E444A24	na	E2C0EF46048A11E1A62D2EE83E444A24	N-Trimethyllysine	Primary DrugBank drug name	DrugBank	3	3647E95A048911E195172EE83E444A24	465	drugbank_partner_id	DrugBank	3
D9FA1874048A11E1A62D2EE83E444A24	na	D9F15E28048A11E1A62D2EE83E444A24	2-Methyl-2-Propanol	Primary DrugBank drug name	DrugBank	3	3647E95A048911E195172EE83E444A24	465	drugbank_partner_id	DrugBank	3
E0684AB6048811E1883C2EE83E444A24	na	DEFE5864048811E1883C2EE83E444A24	NADH	Primary DrugBank drug name	DrugBank	3	E056A982048811E1883C2EE83E444A24	473	drugbank_partner_id	DrugBank	3
E56496BE048811E1883C2EE83E444A24	na	DEFE5864048811E1883C2EE83E444A24	NADH	Primary DrugBank drug name	DrugBank	3	E552C524048811E1883C2EE83E444A24	599	drugbank_partner_id	DrugBank	3
5364FD50048B11E1A62D2EE83E444A24	na	535BDCC0048B11E1A62D2EE83E444A24	N-(4-ACETYLPHENYL)-5-(5-CHLORO-2,4-DIHYDROXYPHENYL)-1H-PYRAZOLE-4-CARBOXAMIDE	Primary DrugBank drug name	DrugBank	3	437DBA82048911E188152EE83E444A24	1939	drugbank_partner_id	DrugBank	3
454AD4DA048911E1AD3F2EE83E444A24	other/unknown	44BE1036048911E1845A2EE83E444A24	Nicardipine	Primary DrugBank drug name	DrugBank	3	3647E95A048911E195172EE83E444A24	465	drugbank_partner_id	DrugBank	3
66F45ACA048911E1BF592EE83E444A24	inhibitor	66DF58F0048911E1BF592EE83E444A24	Loperamide	Primary DrugBank drug name	DrugBank	3	3647E95A048911E195172EE83E444A24	465	drugbank_partner_id	DrugBank	3
39C4671A048A11E1A62D2EE83E444A24	na	39BDBB40048A11E1A62D2EE83E444A24	8-(2-Chloro-3,4,5-Trimethoxy-Benzyl)-2-Fluoro-9-Pent-4-Ylnyl-9h-Purin-6-Ylamine	Primary DrugBank drug name	DrugBank	3	437DBA82048911E188152EE83E444A24	1939	drugbank_partner_id	DrugBank	3
21A7A01C048911E1883C2EE83E444A24	na	2186FD80048911E1883C2EE83E444A24	Dexrazoxane	Primary DrugBank drug name	DrugBank	3	2194EFC6048911E1883C2EE83E444A24	4192	drugbank_partner_id	DrugBank	3
2D9F1F8A048911E1883C2EE83E444A24	antagonist	2D629A56048911E1883C2EE83E444A24	Framycetin	Primary DrugBank drug name	DrugBank	3	2D8C1084048911E1883C2EE83E444A24	1162	drugbank_partner_id	DrugBank	3
439159CA048911E188152EE83E444A24	other/unknown	435BD872048911E188152EE83E444A24	Rifabutin	Primary DrugBank drug name	DrugBank	3	437DBA82048911E188152EE83E444A24	1939	drugbank_partner_id	DrugBank	3
C9D17C80048A11E1A62D2EE83E444A24	na	C9B62E58048A11E1A62D2EE83E444A24	Radicicol	Primary DrugBank drug name	DrugBank	3	2BF436A6048A11E1A62D2EE83E444A24	3456	drugbank_partner_id	DrugBank	3
0EEAAEAE048B11E1A62D2EE83E444A24	na	0CBD092E048B11E1A62D2EE83E444A24	Guanosine-5'-Diphosphate	Primary DrugBank drug name	DrugBank	3	04D9C2E8048A11E1A62D2EE83E444A24	6790	drugbank_partner_id	DrugBank	3
0EC52706048B11E1A62D2EE83E444A24	na	0CBD092E048B11E1A62D2EE83E444A24	Guanosine-5'-Diphosphate	Primary DrugBank drug name	DrugBank	3	541590E4048A11E1A62D2EE83E444A24	6316	drugbank_partner_id	DrugBank	3
0D2644E8048B11E1A62D2EE83E444A24	na	0CBD092E048B11E1A62D2EE83E444A24	Guanosine-5'-Diphosphate	Primary DrugBank drug name	DrugBank	3	0D0C9958048B11E1A62D2EE83E444A24	2170	drugbank_partner_id	DrugBank	3
0F747CBA048B11E1A62D2EE83E444A24	na	0CBD092E048B11E1A62D2EE83E444A24	Guanosine-5'-Diphosphate	Primary DrugBank drug name	DrugBank	3	0F5AD7BA048B11E1A62D2EE83E444A24	7038	drugbank_partner_id	DrugBank	3
0F344690048B11E1A62D2EE83E444A24	na	0CBD092E048B11E1A62D2EE83E444A24	Guanosine-5'-Diphosphate	Primary DrugBank drug name	DrugBank	3	0F1A710C048B11E1A62D2EE83E444A24	6995	drugbank_partner_id	DrugBank	3
9592C6C2048A11E1A62D2EE83E444A24	na	9519071A048A11E1A62D2EE83E444A24	Benzylsulfinic Acid	Primary DrugBank drug name	DrugBank	3	957B055A048A11E1A62D2EE83E444A24	6963	drugbank_partner_id	DrugBank	3
1D9EBC8A048911E1883C2EE83E444A24	inhibitor	1D8570A4048911E1883C2EE83E444A24	Vinorelbine	Primary DrugBank drug name	DrugBank	3	1D8C0C48048911E1883C2EE83E444A24	161	drugbank_partner_id	DrugBank	3
46BF44D0048A11E1A62D2EE83E444A24	na	450F054E048A11E1A62D2EE83E444A24	Cholic Acid	Primary DrugBank drug name	DrugBank	3	46A84D52048A11E1A62D2EE83E444A24	6498	drugbank_partner_id	DrugBank	3
45BC1B26048A11E1A62D2EE83E444A24	na	450F054E048A11E1A62D2EE83E444A24	Cholic Acid	Primary DrugBank drug name	DrugBank	3	45A57538048A11E1A62D2EE83E444A24	6489	drugbank_partner_id	DrugBank	3
46681872048A11E1A62D2EE83E444A24	na	450F054E048A11E1A62D2EE83E444A24	Cholic Acid	Primary DrugBank drug name	DrugBank	3	46514B56048A11E1A62D2EE83E444A24	6495	drugbank_partner_id	DrugBank	3
BFF65B3A048B11E1A62D2EE83E444A24	na	BFEC2480048B11E1A62D2EE83E444A24	3-FLUORO-4-HYDROXYBENZALDEHYDE O-(CYCLOHEXYLCARBONYL)OXIME	Primary DrugBank drug name	DrugBank	3	DDAB4F02048911E1A62D2EE83E444A24	3384	drugbank_partner_id	DrugBank	3
A677444A048A11E1A62D2EE83E444A24	na	A470C522048A11E1A62D2EE83E444A24	Adenosine-5'-Diphosphate	Primary DrugBank drug name	DrugBank	3	2BF436A6048A11E1A62D2EE83E444A24	3456	drugbank_partner_id	DrugBank	3
AB86FF02048A11E1A62D2EE83E444A24	na	A470C522048A11E1A62D2EE83E444A24	Adenosine-5'-Diphosphate	Primary DrugBank drug name	DrugBank	3	AB6EA4FC048A11E1A62D2EE83E444A24	6277	drugbank_partner_id	DrugBank	3
A50AFDEA048A11E1A62D2EE83E444A24	na	A470C522048A11E1A62D2EE83E444A24	Adenosine-5'-Diphosphate	Primary DrugBank drug name	DrugBank	3	437DBA82048911E188152EE83E444A24	1939	drugbank_partner_id	DrugBank	3
C0C4FC2E048B11E1A62D2EE83E444A24	na	C053B596048B11E1A62D2EE83E444A24	S-PALMITOYL-L-CYSTEINE	Primary DrugBank drug name	DrugBank	3	C0A91B80048B11E1A62D2EE83E444A24	6785	drugbank_partner_id	DrugBank	3
F048CAF8048A11E1A62D2EE83E444A24	na	F03678F8048A11E1A62D2EE83E444A24	S-Hexylglutathione	Primary DrugBank drug name	DrugBank	3	D5412626048811E1883C2EE83E444A24	904	drugbank_partner_id	DrugBank	3
788E85E8048A11E1A62D2EE83E444A24	na	78871894048A11E1A62D2EE83E444A24	17-Dmag	Primary DrugBank drug name	DrugBank	3	437DBA82048911E188152EE83E444A24	1939	drugbank_partner_id	DrugBank	3
B303570C048B11E1A62D2EE83E444A24	na	B2CE2082048B11E1A62D2EE83E444A24	MYRISTIC ACID	Primary DrugBank drug name	DrugBank	3	3647E95A048911E195172EE83E444A24	465	drugbank_partner_id	DrugBank	3
B3A57B18048B11E1A62D2EE83E444A24	na	B2CE2082048B11E1A62D2EE83E444A24	MYRISTIC ACID	Primary DrugBank drug name	DrugBank	3	541590E4048A11E1A62D2EE83E444A24	6316	drugbank_partner_id	DrugBank	3
537D2C4C048911E1BF592EE83E444A24	na	53242BB0048911E1BF592EE83E444A24	Nedocromil	Primary DrugBank drug name	DrugBank	3	437DBA82048911E188152EE83E444A24	1939	drugbank_partner_id	DrugBank	3
4A2549E4048A11E1A62D2EE83E444A24	na	4A1E1E3A048A11E1A62D2EE83E444A24	Nicotinamide	Primary DrugBank drug name	DrugBank	3	E056A982048811E1883C2EE83E444A24	473	drugbank_partner_id	DrugBank	3
53BF6FB0048B11E1A62D2EE83E444A24	na	53B679A0048B11E1A62D2EE83E444A24	5-(5-chloro-2,4-dihydroxyphenyl)-N-ethyl-4-[4-(morpholin-4-ylmethyl)phenyl]isoxazole-3-carboxamide	Primary DrugBank drug name	DrugBank	3	437DBA82048911E188152EE83E444A24	1939	drugbank_partner_id	DrugBank	3
C9CAC812048B11E1A62D2EE83E444A24	na	C9C0C2B8048B11E1A62D2EE83E444A24	4-{[(2R)-2-(2-methylphenyl)pyrrolidin-1-yl]carbonyl}benzene-1,3-diol	Primary DrugBank drug name	DrugBank	3	437DBA82048911E188152EE83E444A24	1939	drugbank_partner_id	DrugBank	3
455D2072048911E1ACFC2EE83E444A24	inhibitor	454D11E6048911E1AD3F2EE83E444A24	Fluphenazine	Primary DrugBank drug name	DrugBank	3	3647E95A048911E195172EE83E444A24	465	drugbank_partner_id	DrugBank	3
C1771F30048B11E1A62D2EE83E444A24	na	C16D2BC4048B11E1A62D2EE83E444A24	(5Z)-13-CHLORO-14,16-DIHYDROXY-3,4,7,8,9,10-HEXAHYDRO-1H-2-BENZOXACYCLOTETRADECINE-1,11(12H)-DIONE	Primary DrugBank drug name	DrugBank	3	2BF436A6048A11E1A62D2EE83E444A24	3456	drugbank_partner_id	DrugBank	3
E7A06B8A048B11E1A62D2EE83E444A24	na	E796583E048B11E1A62D2EE83E444A24	2-AMINO-4-(2,4-DICHLOROPHENYL)-N-ETHYLTHIENO[2,3-D]PYRIMIDINE-6-CARBOXAMIDE	Primary DrugBank drug name	DrugBank	3	437DBA82048911E188152EE83E444A24	1939	drugbank_partner_id	DrugBank	3
1AA07A12048B11E1A62D2EE83E444A24	na	1A8DCBC4048B11E1A62D2EE83E444A24	1-(S-Glutathionyl)-2,4-Dinitrobenzene	Primary DrugBank drug name	DrugBank	3	D5412626048811E1883C2EE83E444A24	904	drugbank_partner_id	DrugBank	3
95EB2AAA048B11E1A62D2EE83E444A24	na	95E18A54048B11E1A62D2EE83E444A24	8-(6-BROMO-BENZO[1,3]DIOXOL-5-YLSULFANYL)-9-(3-ISOPROPYLAMINO-PROPYL)-ADENINE	Primary DrugBank drug name	DrugBank	3	2BF436A6048A11E1A62D2EE83E444A24	3456	drugbank_partner_id	DrugBank	3
95F56B82048B11E1A62D2EE83E444A24	na	95E18A54048B11E1A62D2EE83E444A24	8-(6-BROMO-BENZO[1,3]DIOXOL-5-YLSULFANYL)-9-(3-ISOPROPYLAMINO-PROPYL)-ADENINE	Primary DrugBank drug name	DrugBank	3	437DBA82048911E188152EE83E444A24	1939	drugbank_partner_id	DrugBank	3
2F149F46048B11E1A62D2EE83E444A24	na	2F0BE34C048B11E1A62D2EE83E444A24	N-[4-(AMINOSULFONYL)BENZYL]-5-(5-CHLORO-2,4-DIHYDROXYPHENYL)-1H-PYRAZOLE-4-CARBOXAMIDE	Primary DrugBank drug name	DrugBank	3	437DBA82048911E188152EE83E444A24	1939	drugbank_partner_id	DrugBank	3
AB7D346E048911E1A4A12EE83E444A24	inhibitor	AB6EF43A048911E1A4A12EE83E444A24	Colchicine	Primary DrugBank drug name	DrugBank	3	1D8C0C48048911E1883C2EE83E444A24	161	drugbank_partner_id	DrugBank	3
D9EEF99E048A11E1A62D2EE83E444A24	na	D9E66D92048A11E1A62D2EE83E444A24	9-Butyl-8-(4-Methoxybenzyl)-9h-Purin-6-Amine	Primary DrugBank drug name	DrugBank	3	437DBA82048911E188152EE83E444A24	1939	drugbank_partner_id	DrugBank	3
880C42CA048B11E1A62D2EE83E444A24	na	87F7F2E8048B11E1A62D2EE83E444A24	3-(4-HYDROXY-PHENYL)PYRUVIC ACID	Primary DrugBank drug name	DrugBank	3	DDAB4F02048911E1A62D2EE83E444A24	3384	drugbank_partner_id	DrugBank	3
2C0AF67A048A11E1A62D2EE83E444A24	na	2BE644D8048A11E1A62D2EE83E444A24	Geldanamycin	Primary DrugBank drug name	DrugBank	3	2BF436A6048A11E1A62D2EE83E444A24	3456	drugbank_partner_id	DrugBank	3
2BEDAF48048A11E1A62D2EE83E444A24	na	2BE644D8048A11E1A62D2EE83E444A24	Geldanamycin	Primary DrugBank drug name	DrugBank	3	437DBA82048911E188152EE83E444A24	1939	drugbank_partner_id	DrugBank	3
9D689CD2048A11E1A62D2EE83E444A24	na	9D5723EE048A11E1A62D2EE83E444A24	Hexadecanal	Primary DrugBank drug name	DrugBank	3	FA5279E6048911E1A62D2EE83E444A24	6986	drugbank_partner_id	DrugBank	3
1210DC48048B11E1A62D2EE83E444A24	na	1207E610048B11E1A62D2EE83E444A24	Carboxymethylenecysteine	Primary DrugBank drug name	DrugBank	3	D5412626048811E1883C2EE83E444A24	904	drugbank_partner_id	DrugBank	3
C3C25BA6048B11E1A62D2EE83E444A24	na	C3B7AC2E048B11E1A62D2EE83E444A24	S-(4-BROMOBENZYL)CYSTEINE	Primary DrugBank drug name	DrugBank	3	D5412626048811E1883C2EE83E444A24	904	drugbank_partner_id	DrugBank	3
3664B3C2048A11E1A62D2EE83E444A24	na	36489CBE048A11E1A62D2EE83E444A24	1,6-Fructose Diphosphate (Linear Form)	Primary DrugBank drug name	DrugBank	3	364E25B2048A11E1A62D2EE83E444A24	3069	drugbank_partner_id	DrugBank	3
247D915C048911E1883C2EE83E444A24	antagonist	244C7EB4048911E1883C2EE83E444A24	Sorafenib	Primary DrugBank drug name	DrugBank	3	246B1266048911E1883C2EE83E444A24	165	drugbank_partner_id	DrugBank	3
C0036EBA048B11E1A62D2EE83E444A24	na	BFF9263A048B11E1A62D2EE83E444A24	4-HYDROXYBENZALDEHYDE O-(3,3-DIMETHYLBUTANOYL)OXIME	Primary DrugBank drug name	DrugBank	3	DDAB4F02048911E1A62D2EE83E444A24	3384	drugbank_partner_id	DrugBank	3
269817F8048B11E1A62D2EE83E444A24	na	268ED742048B11E1A62D2EE83E444A24	N-(6-Aminohexyl)-5-Chloro-1-Naphthalenesulfonamide	Primary DrugBank drug name	DrugBank	3	3647E95A048911E195172EE83E444A24	465	drugbank_partner_id	DrugBank	3
A2EB0BD8048811E1883C2EE83E444A24	chaperone	A258D4AC048811E1883C2EE83E444A24	Antihemophilic Factor	Primary DrugBank drug name	DrugBank	3	A2DA4B68048811E1883C2EE83E444A24	3830	drugbank_partner_id	DrugBank	3
A3037768048811E1883C2EE83E444A24	chaperone	A258D4AC048811E1883C2EE83E444A24	Antihemophilic Factor	Primary DrugBank drug name	DrugBank	3	A2F2A6C2048811E1883C2EE83E444A24	1516	drugbank_partner_id	DrugBank	3
0482D482048B11E1A62D2EE83E444A24	na	03A7C93C048B11E1A62D2EE83E444A24	Citric Acid	Primary DrugBank drug name	DrugBank	3	DDAB4F02048911E1A62D2EE83E444A24	3384	drugbank_partner_id	DrugBank	3
03B0EB8E048B11E1A62D2EE83E444A24	na	03A7C93C048B11E1A62D2EE83E444A24	Citric Acid	Primary DrugBank drug name	DrugBank	3	F6CDDDFC048811E1883C2EE83E444A24	128	drugbank_partner_id	DrugBank	3
D93C6324048A11E1A62D2EE83E444A24	na	D933C82C048A11E1A62D2EE83E444A24	Thionicotinamide-Adenine-Dinucleotide	Primary DrugBank drug name	DrugBank	3	E552C524048811E1883C2EE83E444A24	599	drugbank_partner_id	DrugBank	3
93AA4820048B11E1A62D2EE83E444A24	na	93A01FA8048B11E1A62D2EE83E444A24	S-NONYL-CYSTEINE	Primary DrugBank drug name	DrugBank	3	D5412626048811E1883C2EE83E444A24	904	drugbank_partner_id	DrugBank	3
3357BC2E048A11E1A62D2EE83E444A24	na	32DC52AA048A11E1A62D2EE83E444A24	Alpha-Hydroxy-Beta-Phenyl-Propionic Acid	Primary DrugBank drug name	DrugBank	3	3340B434048A11E1A62D2EE83E444A24	6327	drugbank_partner_id	DrugBank	3
3391AE8E048A11E1A62D2EE83E444A24	na	32DC52AA048A11E1A62D2EE83E444A24	Alpha-Hydroxy-Beta-Phenyl-Propionic Acid	Primary DrugBank drug name	DrugBank	3	337B5D00048A11E1A62D2EE83E444A24	6329	drugbank_partner_id	DrugBank	3
333A94AA048A11E1A62D2EE83E444A24	na	32DC52AA048A11E1A62D2EE83E444A24	Alpha-Hydroxy-Beta-Phenyl-Propionic Acid	Primary DrugBank drug name	DrugBank	3	3323A650048A11E1A62D2EE83E444A24	6326	drugbank_partner_id	DrugBank	3
345B12A6048A11E1A62D2EE83E444A24	na	32DC52AA048A11E1A62D2EE83E444A24	Alpha-Hydroxy-Beta-Phenyl-Propionic Acid	Primary DrugBank drug name	DrugBank	3	344489C8048A11E1A62D2EE83E444A24	6336	drugbank_partner_id	DrugBank	3
3405776A048A11E1A62D2EE83E444A24	na	32DC52AA048A11E1A62D2EE83E444A24	Alpha-Hydroxy-Beta-Phenyl-Propionic Acid	Primary DrugBank drug name	DrugBank	3	33EEA6D4048A11E1A62D2EE83E444A24	6333	drugbank_partner_id	DrugBank	3
33751F12048A11E1A62D2EE83E444A24	na	32DC52AA048A11E1A62D2EE83E444A24	Alpha-Hydroxy-Beta-Phenyl-Propionic Acid	Primary DrugBank drug name	DrugBank	3	335DE91E048A11E1A62D2EE83E444A24	6328	drugbank_partner_id	DrugBank	3
343E8686048A11E1A62D2EE83E444A24	na	32DC52AA048A11E1A62D2EE83E444A24	Alpha-Hydroxy-Beta-Phenyl-Propionic Acid	Primary DrugBank drug name	DrugBank	3	34281360048A11E1A62D2EE83E444A24	6335	drugbank_partner_id	DrugBank	3
34221B4A048A11E1A62D2EE83E444A24	na	32DC52AA048A11E1A62D2EE83E444A24	Alpha-Hydroxy-Beta-Phenyl-Propionic Acid	Primary DrugBank drug name	DrugBank	3	340BA14E048A11E1A62D2EE83E444A24	6334	drugbank_partner_id	DrugBank	3
38079056048911E195172EE83E444A24	inhibitor	38008180048911E195172EE83E444A24	Vincristine	Primary DrugBank drug name	DrugBank	3	1D8C0C48048911E1883C2EE83E444A24	161	drugbank_partner_id	DrugBank	3
72DD22E0048911E1BF592EE83E444A24	inhibitor	72CEA35A048911E1BF592EE83E444A24	Phenoxybenzamine	Primary DrugBank drug name	DrugBank	3	3647E95A048911E195172EE83E444A24	465	drugbank_partner_id	DrugBank	3
F6E072F0048811E1883C2EE83E444A24	na	F6C7B17A048811E1883C2EE83E444A24	Adenine	Primary DrugBank drug name	DrugBank	3	F6CDDDFC048811E1883C2EE83E444A24	128	drugbank_partner_id	DrugBank	3
21CDF6AC048B11E1A62D2EE83E444A24	na	1FB23414048B11E1A62D2EE83E444A24	N-Formylmethionine	Primary DrugBank drug name	DrugBank	3	21B393B6048B11E1A62D2EE83E444A24	6585	drugbank_partner_id	DrugBank	3
21636300048B11E1A62D2EE83E444A24	na	1FB23414048B11E1A62D2EE83E444A24	N-Formylmethionine	Primary DrugBank drug name	DrugBank	3	46A84D52048A11E1A62D2EE83E444A24	6498	drugbank_partner_id	DrugBank	3
2027C74C048B11E1A62D2EE83E444A24	na	1FB23414048B11E1A62D2EE83E444A24	N-Formylmethionine	Primary DrugBank drug name	DrugBank	3	4EB347F4048A11E1A62D2EE83E444A24	6279	drugbank_partner_id	DrugBank	3
210CA858048B11E1A62D2EE83E444A24	na	1FB23414048B11E1A62D2EE83E444A24	N-Formylmethionine	Primary DrugBank drug name	DrugBank	3	45A57538048A11E1A62D2EE83E444A24	6489	drugbank_partner_id	DrugBank	3
21468938048B11E1A62D2EE83E444A24	na	1FB23414048B11E1A62D2EE83E444A24	N-Formylmethionine	Primary DrugBank drug name	DrugBank	3	46514B56048A11E1A62D2EE83E444A24	6495	drugbank_partner_id	DrugBank	3
226FB7A8048B11E1A62D2EE83E444A24	na	1FB23414048B11E1A62D2EE83E444A24	N-Formylmethionine	Primary DrugBank drug name	DrugBank	3	225553EA048B11E1A62D2EE83E444A24	6590	drugbank_partner_id	DrugBank	3
6E4ED7C6048B11E1A62D2EE83E444A24	na	6E450EF8048B11E1A62D2EE83E444A24	AUROVERTIN B	Primary DrugBank drug name	DrugBank	3	FD2C92D6048A11E1A62D2EE83E444A24	6342	drugbank_partner_id	DrugBank	3
6E633284048B11E1A62D2EE83E444A24	na	6E450EF8048B11E1A62D2EE83E444A24	AUROVERTIN B	Primary DrugBank drug name	DrugBank	3	FD6DB220048A11E1A62D2EE83E444A24	6344	drugbank_partner_id	DrugBank	3
6E58FE9A048B11E1A62D2EE83E444A24	na	6E450EF8048B11E1A62D2EE83E444A24	AUROVERTIN B	Primary DrugBank drug name	DrugBank	3	FD4D35E0048A11E1A62D2EE83E444A24	6343	drugbank_partner_id	DrugBank	3
E9606FCE048B11E1A62D2EE83E444A24	inhibitor	E939C9FA048B11E1A62D2EE83E444A24	Nadroparin	Primary DrugBank drug name	DrugBank	3	E9497882048B11E1A62D2EE83E444A24	1953	drugbank_partner_id	DrugBank	3
9B4F675A048A11E1A62D2EE83E444A24	na	9B3F919A048A11E1A62D2EE83E444A24	8-Bromo-Adenosine-5'-Monophosphate	Primary DrugBank drug name	DrugBank	3	C9905072048811E1883C2EE83E444A24	2684	drugbank_partner_id	DrugBank	3
5872948E048A11E1A62D2EE83E444A24	na	586BB448048A11E1A62D2EE83E444A24	4-(1,3-Benzodioxol-5-Yl)-5-(5-Ethyl-2,4-Dihydroxyphenyl)-2h-Pyrazole-3-Carboxylic Acid	Primary DrugBank drug name	DrugBank	3	437DBA82048911E188152EE83E444A24	1939	drugbank_partner_id	DrugBank	3
C3166DB0048A11E1A62D2EE83E444A24	na	C30E4536048A11E1A62D2EE83E444A24	S-(P-Nitrobenzyl)Glutathione	Primary DrugBank drug name	DrugBank	3	D5412626048811E1883C2EE83E444A24	904	drugbank_partner_id	DrugBank	3
3FA3A578048B11E1A62D2EE83E444A24	na	3F9834E0048B11E1A62D2EE83E444A24	Prenylamine	Primary DrugBank drug name	DrugBank	3	3647E95A048911E195172EE83E444A24	465	drugbank_partner_id	DrugBank	3
E3145450048B11E1A62D2EE83E444A24	na	E2EB3606048B11E1A62D2EE83E444A24	N-{[(5S)-3-(3-fluoro-4-morpholin-4-ylphenyl)-2-oxo-1,3-oxazolidin-5-yl]methyl}acetamide	Primary DrugBank drug name	DrugBank	3	3340B434048A11E1A62D2EE83E444A24	6327	drugbank_partner_id	DrugBank	3
E32928C6048B11E1A62D2EE83E444A24	na	E2EB3606048B11E1A62D2EE83E444A24	N-{[(5S)-3-(3-fluoro-4-morpholin-4-ylphenyl)-2-oxo-1,3-oxazolidin-5-yl]methyl}acetamide	Primary DrugBank drug name	DrugBank	3	337B5D00048A11E1A62D2EE83E444A24	6329	drugbank_partner_id	DrugBank	3
E309EB32048B11E1A62D2EE83E444A24	na	E2EB3606048B11E1A62D2EE83E444A24	N-{[(5S)-3-(3-fluoro-4-morpholin-4-ylphenyl)-2-oxo-1,3-oxazolidin-5-yl]methyl}acetamide	Primary DrugBank drug name	DrugBank	3	3323A650048A11E1A62D2EE83E444A24	6326	drugbank_partner_id	DrugBank	3
E371F22C048B11E1A62D2EE83E444A24	na	E2EB3606048B11E1A62D2EE83E444A24	N-{[(5S)-3-(3-fluoro-4-morpholin-4-ylphenyl)-2-oxo-1,3-oxazolidin-5-yl]methyl}acetamide	Primary DrugBank drug name	DrugBank	3	344489C8048A11E1A62D2EE83E444A24	6336	drugbank_partner_id	DrugBank	3
E352B6A0048B11E1A62D2EE83E444A24	na	E2EB3606048B11E1A62D2EE83E444A24	N-{[(5S)-3-(3-fluoro-4-morpholin-4-ylphenyl)-2-oxo-1,3-oxazolidin-5-yl]methyl}acetamide	Primary DrugBank drug name	DrugBank	3	33EEA6D4048A11E1A62D2EE83E444A24	6333	drugbank_partner_id	DrugBank	3
E31EC836048B11E1A62D2EE83E444A24	na	E2EB3606048B11E1A62D2EE83E444A24	N-{[(5S)-3-(3-fluoro-4-morpholin-4-ylphenyl)-2-oxo-1,3-oxazolidin-5-yl]methyl}acetamide	Primary DrugBank drug name	DrugBank	3	335DE91E048A11E1A62D2EE83E444A24	6328	drugbank_partner_id	DrugBank	3
E3678206048B11E1A62D2EE83E444A24	na	E2EB3606048B11E1A62D2EE83E444A24	N-{[(5S)-3-(3-fluoro-4-morpholin-4-ylphenyl)-2-oxo-1,3-oxazolidin-5-yl]methyl}acetamide	Primary DrugBank drug name	DrugBank	3	34281360048A11E1A62D2EE83E444A24	6335	drugbank_partner_id	DrugBank	3
E35D2252048B11E1A62D2EE83E444A24	na	E2EB3606048B11E1A62D2EE83E444A24	N-{[(5S)-3-(3-fluoro-4-morpholin-4-ylphenyl)-2-oxo-1,3-oxazolidin-5-yl]methyl}acetamide	Primary DrugBank drug name	DrugBank	3	340BA14E048A11E1A62D2EE83E444A24	6334	drugbank_partner_id	DrugBank	3
A1DB2474048A11E1A62D2EE83E444A24	na	A1608EC6048A11E1A62D2EE83E444A24	D-Myo-Inositol-1,4,5-Triphosphate	Primary DrugBank drug name	DrugBank	3	A9B2E7F0048911E1A4A12EE83E444A24	7103	drugbank_partner_id	DrugBank	3
753A7D60048B11E1A62D2EE83E444A24	na	745574B8048B11E1A62D2EE83E444A24	N-[(1R)-1-(DIHYDROXYBORYL)-3-METHYLBUTYL]-N-(PYRAZIN-2-YLCARBONYL)-L-PHENYLALANINAMIDE	Primary DrugBank drug name	DrugBank	3	751FBB4C048B11E1A62D2EE83E444A24	6418	drugbank_partner_id	DrugBank	3
758FB44C048B11E1A62D2EE83E444A24	na	745574B8048B11E1A62D2EE83E444A24	N-[(1R)-1-(DIHYDROXYBORYL)-3-METHYLBUTYL]-N-(PYRAZIN-2-YLCARBONYL)-L-PHENYLALANINAMIDE	Primary DrugBank drug name	DrugBank	3	75754080048B11E1A62D2EE83E444A24	6420	drugbank_partner_id	DrugBank	3
B859F8DC048B11E1A62D2EE83E444A24	na	B84F981A048B11E1A62D2EE83E444A24	N-(4-CHLOROPHENYL)-3-(PHOSPHONOOXY)NAPHTHALENE-2-CARBOXAMIDE	Primary DrugBank drug name	DrugBank	3	364E25B2048A11E1A62D2EE83E444A24	3069	drugbank_partner_id	DrugBank	3
C83F2EF8048A11E1A62D2EE83E444A24	na	C83700FC048A11E1A62D2EE83E444A24	4-(1h-Imidazol-4-Yl)-3-(5-Ethyl-2,4-Dihydroxy-Phenyl)-1h-Pyrazole	Primary DrugBank drug name	DrugBank	3	437DBA82048911E188152EE83E444A24	1939	drugbank_partner_id	DrugBank	3
53CD8552048911E1BF592EE83E444A24	inhibitor	53B363A2048911E1BF592EE83E444A24	Clodronate	Primary DrugBank drug name	DrugBank	3	53BA27BE048911E1BF592EE83E444A24	782	drugbank_partner_id	DrugBank	3
53EE8E8C048911E1BF592EE83E444A24	inhibitor	53B363A2048911E1BF592EE83E444A24	Clodronate	Primary DrugBank drug name	DrugBank	3	53DB7A5E048911E1BF592EE83E444A24	688	drugbank_partner_id	DrugBank	3
4EAD4DE0048A11E1A62D2EE83E444A24	na	4E893C66048A11E1A62D2EE83E444A24	3-Indolebutyric Acid	Primary DrugBank drug name	DrugBank	3	4E966698048A11E1A62D2EE83E444A24	5948	drugbank_partner_id	DrugBank	3
4ECA54D0048A11E1A62D2EE83E444A24	na	4E893C66048A11E1A62D2EE83E444A24	3-Indolebutyric Acid	Primary DrugBank drug name	DrugBank	3	4EB347F4048A11E1A62D2EE83E444A24	6279	drugbank_partner_id	DrugBank	3
4EE73B54048A11E1A62D2EE83E444A24	na	4E893C66048A11E1A62D2EE83E444A24	3-Indolebutyric Acid	Primary DrugBank drug name	DrugBank	3	4ED06B4A048A11E1A62D2EE83E444A24	6280	drugbank_partner_id	DrugBank	3
AA04B26A048911E1A4A12EE83E444A24	inhibitor	A9E35B6A048911E1A4A12EE83E444A24	Dihydroxyaluminium	Primary DrugBank drug name	DrugBank	3	A9EF18F6048911E1A4A12EE83E444A24	4245	drugbank_partner_id	DrugBank	3
4045D672048B11E1A62D2EE83E444A24	na	402F652C048B11E1A62D2EE83E444A24	Flunarizine	Primary DrugBank drug name	DrugBank	3	3647E95A048911E195172EE83E444A24	465	drugbank_partner_id	DrugBank	3
AFC5C55C048B11E1A62D2EE83E444A24	na	AFBBE91A048B11E1A62D2EE83E444A24	(5E,7S)-2-amino-7-(4-fluoro-2-pyridin-3-ylphenyl)-4-methyl-7,8-dihydroquinazolin-5(6H)-one oxime	Primary DrugBank drug name	DrugBank	3	437DBA82048911E188152EE83E444A24	1939	drugbank_partner_id	DrugBank	3
6856B460048B11E1A62D2EE83E444A24	na	684D79C2048B11E1A62D2EE83E444A24	3-({2-[(2-AMINO-6-METHYLPYRIMIDIN-4-YL)ETHYNYL]BENZYL}AMINO)-1,3-OXAZOL-2(3H)-ONE	Primary DrugBank drug name	DrugBank	3	437DBA82048911E188152EE83E444A24	1939	drugbank_partner_id	DrugBank	3
43320F64048A11E1A62D2EE83E444A24	na	432B0610048A11E1A62D2EE83E444A24	Cibacron Blue	Primary DrugBank drug name	DrugBank	3	D5412626048811E1883C2EE83E444A24	904	drugbank_partner_id	DrugBank	3
97E9B15A048B11E1A62D2EE83E444A24	na	97C86496048B11E1A62D2EE83E444A24	7-HYDROXY-4-METHYL-3-(2-HYDROXY-ETHYL)COUMARIN	Primary DrugBank drug name	DrugBank	3	97CE39AC048B11E1A62D2EE83E444A24	6622	drugbank_partner_id	DrugBank	3
586E0E86048B11E1A62D2EE83E444A24	na	5844C80A048B11E1A62D2EE83E444A24	(2R,3R,4S,5R)-2-[6-amino-8-[(3,4-dichlorophenyl)methylamino]purin-9-yl]-5-(hydroxymethyl)oxolane-3,4-diol	Primary DrugBank drug name	DrugBank	3	AB6EA4FC048A11E1A62D2EE83E444A24	6277	drugbank_partner_id	DrugBank	3
7ECD81EC048B11E1A62D2EE83E444A24	na	7EC42A7A048B11E1A62D2EE83E444A24	4-chloro-6-{5-[(2-morpholin-4-ylethyl)amino]-1,2-benzisoxazol-3-yl}benzene-1,3-diol	Primary DrugBank drug name	DrugBank	3	437DBA82048911E188152EE83E444A24	1939	drugbank_partner_id	DrugBank	3
8BBFD9D2048A11E1A62D2EE83E444A24	na	8BB82412048A11E1A62D2EE83E444A24	Diphthamide	Primary DrugBank drug name	DrugBank	3	04D9C2E8048A11E1A62D2EE83E444A24	6790	drugbank_partner_id	DrugBank	3
968911A2048B11E1A62D2EE83E444A24	na	967F4316048B11E1A62D2EE83E444A24	3-(4-HYDROXYPHENYL)-4,5-DIHYDRO-5-ISOXAZOLE-ACETIC ACID METHYL ESTER	Primary DrugBank drug name	DrugBank	3	DDAB4F02048911E1A62D2EE83E444A24	3384	drugbank_partner_id	DrugBank	3
1ADB1CA4048A11E1A62D2EE83E444A24	na	1AD41814048A11E1A62D2EE83E444A24	Protoporphyrin Ix	Primary DrugBank drug name	DrugBank	3	6C9861F6048911E1BF592EE83E444A24	95	drugbank_partner_id	DrugBank	3
365B2CAE048911E195172EE83E444A24	inhibitor	3634D4B4048911E195172EE83E444A24	Dibucaine	Primary DrugBank drug name	DrugBank	3	3647E95A048911E195172EE83E444A24	465	drugbank_partner_id	DrugBank	3
E79395C2048B11E1A62D2EE83E444A24	na	E7898A96048B11E1A62D2EE83E444A24	3,6-DIAMINO-5-CYANO-4-(4-ETHOXYPHENYL)THIENO[2,3-B]PYRIDINE-2-CARBOXAMIDE	Primary DrugBank drug name	DrugBank	3	437DBA82048911E188152EE83E444A24	1939	drugbank_partner_id	DrugBank	3
53E2109C048B11E1A62D2EE83E444A24	na	53D8E8B4048B11E1A62D2EE83E444A24	5-(5-CHLORO-2,4-DIHYDROXYPHENYL)-N-ETHYL-4-(4-METHOXYPHENYL)ISOXAZOLE-3-CARBOXAMIDE	Primary DrugBank drug name	DrugBank	3	437DBA82048911E188152EE83E444A24	1939	drugbank_partner_id	DrugBank	3
D699561C048B11E1A62D2EE83E444A24	na	D68EEBE6048B11E1A62D2EE83E444A24	N1-(2-AMINO-4-METHYLPENTYL)OCTAHYDRO-PYRROLO[1,2-A] PYRIMIDINE	Primary DrugBank drug name	DrugBank	3	FD2C92D6048A11E1A62D2EE83E444A24	6342	drugbank_partner_id	DrugBank	3
D6AEF652048B11E1A62D2EE83E444A24	na	D68EEBE6048B11E1A62D2EE83E444A24	N1-(2-AMINO-4-METHYLPENTYL)OCTAHYDRO-PYRROLO[1,2-A] PYRIMIDINE	Primary DrugBank drug name	DrugBank	3	FD6DB220048A11E1A62D2EE83E444A24	6344	drugbank_partner_id	DrugBank	3
D6A45D50048B11E1A62D2EE83E444A24	na	D68EEBE6048B11E1A62D2EE83E444A24	N1-(2-AMINO-4-METHYLPENTYL)OCTAHYDRO-PYRROLO[1,2-A] PYRIMIDINE	Primary DrugBank drug name	DrugBank	3	FD4D35E0048A11E1A62D2EE83E444A24	6343	drugbank_partner_id	DrugBank	3
E2B634E2048B11E1A62D2EE83E444A24	na	E2A10A04048B11E1A62D2EE83E444A24	6-HYDROXY-1,3-BENZOTHIAZOLE-2-SULFONAMIDE	Primary DrugBank drug name	DrugBank	3	DDAB4F02048911E1A62D2EE83E444A24	3384	drugbank_partner_id	DrugBank	3
4D1F6B34048A11E1A62D2EE83E444A24	na	4D1853D0048A11E1A62D2EE83E444A24	7-Hydroxy-2-Oxo-Chromene-3-Carboxylic Acid Ethyl Ester	Primary DrugBank drug name	DrugBank	3	DDAB4F02048911E1A62D2EE83E444A24	3384	drugbank_partner_id	DrugBank	3
C1A590C2048B11E1A62D2EE83E444A24	na	C186A96E048B11E1A62D2EE83E444A24	N~2~,N~2~-DIMETHYL-N~1~-(6-OXO-5,6-DIHYDROPHENANTHRIDIN-2-YL)GLYCINAMIDE	Primary DrugBank drug name	DrugBank	3	04D9C2E8048A11E1A62D2EE83E444A24	6790	drugbank_partner_id	DrugBank	3
B28E4820048811E1883C2EE83E444A24	antibody	B2778C3E048811E1883C2EE83E444A24	Natalizumab	Primary DrugBank drug name	DrugBank	3	B27D14EC048811E1883C2EE83E444A24	647	drugbank_partner_id	DrugBank	3
68626D32048B11E1A62D2EE83E444A24	na	685942B6048B11E1A62D2EE83E444A24	N-[(2-AMINO-6-METHYLPYRIMIDIN-4-YL)METHYL]-3-{[(E)-(2-OXODIHYDROFURAN-3(2H)-YLIDENE)METHYL]AMINO}BENZENESULFONAMIDE	Primary DrugBank drug name	DrugBank	3	437DBA82048911E188152EE83E444A24	1939	drugbank_partner_id	DrugBank	3
5B79C6E2048B11E1A62D2EE83E444A24	na	5B707BBE048B11E1A62D2EE83E444A24	4-CHLORO-6-(4-PIPERAZIN-1-YL-1H-PYRAZOL-5-YL)BENZENE-1,3-DIOL	Primary DrugBank drug name	DrugBank	3	437DBA82048911E188152EE83E444A24	1939	drugbank_partner_id	DrugBank	3
53709746048B11E1A62D2EE83E444A24	na	53678D0E048B11E1A62D2EE83E444A24	4-CHLORO-6-(4-{4-[4-(METHYLSULFONYL)BENZYL]PIPERAZIN-1-YL}-1H-PYRAZOL-5-YL)BENZENE-1,3-DIOL	Primary DrugBank drug name	DrugBank	3	437DBA82048911E188152EE83E444A24	1939	drugbank_partner_id	DrugBank	3
1BF61AAC048B11E1A62D2EE83E444A24	na	1BECCF6A048B11E1A62D2EE83E444A24	3-Fluorotyrosine	Primary DrugBank drug name	DrugBank	3	957B055A048A11E1A62D2EE83E444A24	6963	drugbank_partner_id	DrugBank	3
665CD01A048911E1BF592EE83E444A24	inhibitor	6637FBAA048911E1BF592EE83E444A24	Trifluoperazine	Primary DrugBank drug name	DrugBank	3	3647E95A048911E195172EE83E444A24	465	drugbank_partner_id	DrugBank	3
F6B422E4048911E1A62D2EE83E444A24	na	F631D8CA048911E1A62D2EE83E444A24	Guanosine-5'-Monophosphate	Primary DrugBank drug name	DrugBank	3	C9905072048811E1883C2EE83E444A24	2684	drugbank_partner_id	DrugBank	3
AF9F8BBC048B11E1A62D2EE83E444A24	na	AF9537D4048B11E1A62D2EE83E444A24	4-methyl-7,8-dihydro-5H-thiopyrano[4,3-d]pyrimidin-2-amine	Primary DrugBank drug name	DrugBank	3	437DBA82048911E188152EE83E444A24	1939	drugbank_partner_id	DrugBank	3
6803999C048B11E1A62D2EE83E444A24	na	67FA1E6C048B11E1A62D2EE83E444A24	(3E)-3-[(phenylamino)methylidene]dihydrofuran-2(3H)-one	Primary DrugBank drug name	DrugBank	3	437DBA82048911E188152EE83E444A24	1939	drugbank_partner_id	DrugBank	3
DAD1B162048A11E1A62D2EE83E444A24	na	DAC9C718048A11E1A62D2EE83E444A24	N-{3-[5-(6-Amino-Purin-9-Yl)-3,4-Dihydroxy-Tetrahydro-Furan-2-Yl]-Allyl}-2,3-Dihydroxy-5-Nitro-Benzamide	Primary DrugBank drug name	DrugBank	3	BD30E1F2048811E1883C2EE83E444A24	3810	drugbank_partner_id	DrugBank	3
5077E3FC048911E1BF592EE83E444A24	inhibitor	505F0D96048911E1BF592EE83E444A24	Daunorubicin	Primary DrugBank drug name	DrugBank	3	2194EFC6048911E1883C2EE83E444A24	4192	drugbank_partner_id	DrugBank	3
E42D98C6048911E1A62D2EE83E444A24	na	DFECE820048911E1A62D2EE83E444A24	Nicotinamide-Adenine-Dinucleotide	Primary DrugBank drug name	DrugBank	3	E056A982048811E1883C2EE83E444A24	473	drugbank_partner_id	DrugBank	3
EB567F28048911E1A62D2EE83E444A24	na	DFECE820048911E1A62D2EE83E444A24	Nicotinamide-Adenine-Dinucleotide	Primary DrugBank drug name	DrugBank	3	E552C524048811E1883C2EE83E444A24	599	drugbank_partner_id	DrugBank	3
4AAA14E8048B11E1A62D2EE83E444A24	inhibitor	4A96A0F2048B11E1A62D2EE83E444A24	Tinzaparin	Primary DrugBank drug name	DrugBank	3	B27D14EC048811E1883C2EE83E444A24	647	drugbank_partner_id	DrugBank	3
E779A39C048B11E1A62D2EE83E444A24	na	E76F4334048B11E1A62D2EE83E444A24	4-(2-methoxyethoxy)-6-methylpyrimidin-2-amine	Primary DrugBank drug name	DrugBank	3	437DBA82048911E188152EE83E444A24	1939	drugbank_partner_id	DrugBank	3
9A272408048A11E1A62D2EE83E444A24	na	9A1F35CC048A11E1A62D2EE83E444A24	BIA	Primary DrugBank drug name	DrugBank	3	BD30E1F2048811E1883C2EE83E444A24	3810	drugbank_partner_id	DrugBank	3
10E2B310048A11E1A62D2EE83E444A24	na	10DC1EB0048A11E1A62D2EE83E444A24	Adenosine-5'-Ditungstate	Primary DrugBank drug name	DrugBank	3	C9905072048811E1883C2EE83E444A24	2684	drugbank_partner_id	DrugBank	3
7E6E756C048B11E1A62D2EE83E444A24	na	7E651BF2048B11E1A62D2EE83E444A24	4-[4-(2,3-DIHYDRO-1,4-BENZODIOXIN-6-YL)-3-METHYL-1H-PYRAZOL-5-YL]-6-ETHYLBENZENE-1,3-DIOL	Primary DrugBank drug name	DrugBank	3	2BF436A6048A11E1A62D2EE83E444A24	3456	drugbank_partner_id	DrugBank	3
7E7837D2048B11E1A62D2EE83E444A24	na	7E651BF2048B11E1A62D2EE83E444A24	4-[4-(2,3-DIHYDRO-1,4-BENZODIOXIN-6-YL)-3-METHYL-1H-PYRAZOL-5-YL]-6-ETHYLBENZENE-1,3-DIOL	Primary DrugBank drug name	DrugBank	3	437DBA82048911E188152EE83E444A24	1939	drugbank_partner_id	DrugBank	3
4A87AD5E048B11E1A62D2EE83E444A24	antagonist	4A7E2414048B11E1A62D2EE83E444A24	Plerixafor	Primary DrugBank drug name	DrugBank	3	2D8C1084048911E1883C2EE83E444A24	1162	drugbank_partner_id	DrugBank	3
1D4F4F90048B11E1A62D2EE83E444A24	na	1CD00E2E048B11E1A62D2EE83E444A24	1,4-Dithiothreitol	Primary DrugBank drug name	DrugBank	3	F5F2A6B0048811E1883C2EE83E444A24	4084	drugbank_partner_id	DrugBank	3
FA6801F8048911E1A62D2EE83E444A24	na	F9B401D0048911E1A62D2EE83E444A24	Coenzyme A	Primary DrugBank drug name	DrugBank	3	FA5279E6048911E1A62D2EE83E444A24	6986	drugbank_partner_id	DrugBank	3
3001D82E048B11E1A62D2EE83E444A24	na	2FF8C6B2048B11E1A62D2EE83E444A24	PUROMYCIN AMINONUCLEOSIDE-5'-MONOPHOSPHATE	Primary DrugBank drug name	DrugBank	3	340BA14E048A11E1A62D2EE83E444A24	6334	drugbank_partner_id	DrugBank	3
EF6C1A68048A11E1A62D2EE83E444A24	na	EF2CAA04048A11E1A62D2EE83E444A24	Hexatantalum Dodecabromide	Primary DrugBank drug name	DrugBank	3	EF52AD94048A11E1A62D2EE83E444A24	7083	drugbank_partner_id	DrugBank	3
38A568B6048A11E1A62D2EE83E444A24	na	388973CC048A11E1A62D2EE83E444A24	(4s)-5-Fluoro-L-Leucine	Primary DrugBank drug name	DrugBank	3	388EF5B8048A11E1A62D2EE83E444A24	7070	drugbank_partner_id	DrugBank	3
A26C141A048B11E1A62D2EE83E444A24	na	A261F494048B11E1A62D2EE83E444A24	7,8-dihydroxy-4-phenyl-2H-chromen-2-one	Primary DrugBank drug name	DrugBank	3	BD30E1F2048811E1883C2EE83E444A24	3810	drugbank_partner_id	DrugBank	3
681BB46E048B11E1A62D2EE83E444A24	na	68122FC0048B11E1A62D2EE83E444A24	6-(3-BROMO-2-NAPHTHYL)-1,3,5-TRIAZINE-2,4-DIAMINE	Primary DrugBank drug name	DrugBank	3	437DBA82048911E188152EE83E444A24	1939	drugbank_partner_id	DrugBank	3
EB8F398E048A11E1A62D2EE83E444A24	na	EA21C99A048A11E1A62D2EE83E444A24	Glycerol	Primary DrugBank drug name	DrugBank	3	541590E4048A11E1A62D2EE83E444A24	6316	drugbank_partner_id	DrugBank	3
EA33875C048A11E1A62D2EE83E444A24	na	EA21C99A048A11E1A62D2EE83E444A24	Glycerol	Primary DrugBank drug name	DrugBank	3	D5412626048811E1883C2EE83E444A24	904	drugbank_partner_id	DrugBank	3
6BFB8028048B11E1A62D2EE83E444A24	na	6BDD2EA2048B11E1A62D2EE83E444A24	ANISOMYCIN	Primary DrugBank drug name	DrugBank	3	3340B434048A11E1A62D2EE83E444A24	6327	drugbank_partner_id	DrugBank	3
6C1011D2048B11E1A62D2EE83E444A24	na	6BDD2EA2048B11E1A62D2EE83E444A24	ANISOMYCIN	Primary DrugBank drug name	DrugBank	3	337B5D00048A11E1A62D2EE83E444A24	6329	drugbank_partner_id	DrugBank	3
6BF13DC0048B11E1A62D2EE83E444A24	na	6BDD2EA2048B11E1A62D2EE83E444A24	ANISOMYCIN	Primary DrugBank drug name	DrugBank	3	3323A650048A11E1A62D2EE83E444A24	6326	drugbank_partner_id	DrugBank	3
6C577AFE048B11E1A62D2EE83E444A24	na	6BDD2EA2048B11E1A62D2EE83E444A24	ANISOMYCIN	Primary DrugBank drug name	DrugBank	3	344489C8048A11E1A62D2EE83E444A24	6336	drugbank_partner_id	DrugBank	3
6C38E580048B11E1A62D2EE83E444A24	na	6BDD2EA2048B11E1A62D2EE83E444A24	ANISOMYCIN	Primary DrugBank drug name	DrugBank	3	33EEA6D4048A11E1A62D2EE83E444A24	6333	drugbank_partner_id	DrugBank	3
6C05CBB4048B11E1A62D2EE83E444A24	na	6BDD2EA2048B11E1A62D2EE83E444A24	ANISOMYCIN	Primary DrugBank drug name	DrugBank	3	335DE91E048A11E1A62D2EE83E444A24	6328	drugbank_partner_id	DrugBank	3
6C4D4B06048B11E1A62D2EE83E444A24	na	6BDD2EA2048B11E1A62D2EE83E444A24	ANISOMYCIN	Primary DrugBank drug name	DrugBank	3	34281360048A11E1A62D2EE83E444A24	6335	drugbank_partner_id	DrugBank	3
6C432108048B11E1A62D2EE83E444A24	na	6BDD2EA2048B11E1A62D2EE83E444A24	ANISOMYCIN	Primary DrugBank drug name	DrugBank	3	340BA14E048A11E1A62D2EE83E444A24	6334	drugbank_partner_id	DrugBank	3
94ADF868048911E1BF592EE83E444A24	inhibitor	949A1AC8048911E1BF592EE83E444A24	Podofilox	Primary DrugBank drug name	DrugBank	3	1D8C0C48048911E1883C2EE83E444A24	161	drugbank_partner_id	DrugBank	3
4233C700048B11E1A62D2EE83E444A24	inhibitor	41F01D8E048B11E1A62D2EE83E444A24	Lucanthone	Primary DrugBank drug name	DrugBank	3	42197DFA048B11E1A62D2EE83E444A24	4180	drugbank_partner_id	DrugBank	3
CF5A02CA048B11E1A62D2EE83E444A24	na	CF4FEB14048B11E1A62D2EE83E444A24	2-HYDROXY-(5-([4-(2-PYRIDINYLAMINO)SULFONYL]PHENYL)AZO)BENZOIC ACID	Primary DrugBank drug name	DrugBank	3	D5412626048811E1883C2EE83E444A24	904	drugbank_partner_id	DrugBank	3
54339B24048B11E1A62D2EE83E444A24	na	542AAAF0048B11E1A62D2EE83E444A24	2-amino-4-[2,4-dichloro-5-(2-pyrrolidin-1-ylethoxy)phenyl]-N-ethylthieno[2,3-d]pyrimidine-6-carboxamide	Primary DrugBank drug name	DrugBank	3	437DBA82048911E188152EE83E444A24	1939	drugbank_partner_id	DrugBank	3
E97D87CC048A11E1A62D2EE83E444A24	na	E95EAAFA048A11E1A62D2EE83E444A24	5,6-Dihydro-Benzo[H]Cinnolin-3-Ylamine	Primary DrugBank drug name	DrugBank	3	E9642AC0048A11E1A62D2EE83E444A24	3231	drugbank_partner_id	DrugBank	3
78275B10048B11E1A62D2EE83E444A24	na	781DB6D2048B11E1A62D2EE83E444A24	4-bromo-6-(6-hydroxy-1,2-benzisoxazol-3-yl)benzene-1,3-diol	Primary DrugBank drug name	DrugBank	3	437DBA82048911E188152EE83E444A24	1939	drugbank_partner_id	DrugBank	3
31748022048A11E1A62D2EE83E444A24	na	316DA608048A11E1A62D2EE83E444A24	Carboxymethylated Cysteine	Primary DrugBank drug name	DrugBank	3	E552C524048811E1883C2EE83E444A24	599	drugbank_partner_id	DrugBank	3
C9D7AE24048B11E1A62D2EE83E444A24	na	C9CD7E9A048B11E1A62D2EE83E444A24	2-(1H-pyrrol-1-ylcarbonyl)benzene-1,3,5-triol	Primary DrugBank drug name	DrugBank	3	437DBA82048911E188152EE83E444A24	1939	drugbank_partner_id	DrugBank	3
F1CFB36E048A11E1A62D2EE83E444A24	na	F0BD2A92048A11E1A62D2EE83E444A24	Guanosine-5'-Triphosphate	Primary DrugBank drug name	DrugBank	3	541590E4048A11E1A62D2EE83E444A24	6316	drugbank_partner_id	DrugBank	3
3C9AA41E048911E195172EE83E444A24	adduct	3C947ED6048911E195172EE83E444A24	Vinblastine	Primary DrugBank drug name	DrugBank	3	1D8C0C48048911E1883C2EE83E444A24	161	drugbank_partner_id	DrugBank	3
